{
  "timestamp": "2026-03-31T21:34:37.409998",
  "device": "cuda",
  "location": "Sydney",
  "seq_len": 30,
  "train_size": 2673,
  "val_size": 669,
  "models": {
    "LSTM": {
      "MAE": 2.2025279312253185,
      "RMSE": 3.158006519503837,
      "config": {
        "hidden_size": 64,
        "num_layers": 1,
        "epochs": 200,
        "lr": 0.001,
        "batch_mode": "full"
      }
    },
    "N-BEATS": {
      "MAE": 2.179104914239874,
      "RMSE": 3.1513517434813005,
      "config": {
        "max_steps": 200,
        "stack_types": [
          "identity",
          "identity"
        ]
      }
    },
    "Toto": {
      "MAE": 2.563356632581899,
      "RMSE": 4.24219529633387,
      "config": {
        "model_id": "Datadog/Toto-Open-Base-1.0",
        "zero_shot": true
      }
    }
  }
}